{
  "resourceType" : "Location",
  "id" : "OrgUnit1",
  "meta" : {
    "profile" : ["http://example.com/fhir/example/StructureDefinition/OrgUnit"]
  },
  "text" : {
    "status" : "extensions",
    "div" : "<div xmlns=\"http://www.w3.org/1999/xhtml\"><p><b>Generated Narrative: Location</b><a name=\"OrgUnit1\"> </a></p><div style=\"display: inline-block; background-color: #d9e0e7; padding: 6px; margin: 4px; border: 1px solid #8da1b4; border-radius: 5px; line-height: 60%\"><p style=\"margin-bottom: 0px\">Resource Location &quot;OrgUnit1&quot; </p><p style=\"margin-bottom: 0px\">Profile: <a href=\"StructureDefinition-OrgUnit.html\">OrgUnit</a></p></div><p><b>Level</b>: 1</p><p><b>Short name</b>: MyOrgUnit</p><blockquote><p><b>Attribute Value</b></p><blockquote><p><b>url</b></p><code>attribute</code></blockquote><p><b>value</b>: systemXCode (Details: [not stated] code systemXCode = 'systemXCode', stated as 'null')</p><blockquote><p><b>url</b></p><code>value</code></blockquote><p><b>value</b>: 12345</p></blockquote><blockquote><p><b>Attribute Value</b></p><blockquote><p><b>url</b></p><code>attribute</code></blockquote><p><b>value</b>: systemXDate (Details: [not stated] code systemXDate = 'systemXDate', stated as 'null')</p><blockquote><p><b>url</b></p><code>value</code></blockquote><p><b>value</b>: 2022-01-02</p></blockquote><p><b>name</b>: MyOrgUnit</p><p><b>managingOrganization</b>: <a href=\"Organization/342342\">Organization/342342</a></p></div>"
  },
  "extension" : [{
    "url" : "http://example.com/fhir/example/StructureDefinition/Level",
    "valueInteger" : 1
  },
  {
    "url" : "http://example.com/fhir/example/StructureDefinition/ShortName",
    "valueString" : "MyOrgUnit"
  },
  {
    "extension" : [{
      "url" : "attribute",
      "valueCoding" : {
        "code" : "systemXCode"
      }
    },
    {
      "url" : "value",
      "valueString" : "12345"
    }],
    "url" : "http://example.com/fhir/example/StructureDefinition/AttributeValue"
  },
  {
    "extension" : [{
      "url" : "attribute",
      "valueCoding" : {
        "code" : "systemXDate"
      }
    },
    {
      "url" : "value",
      "valueString" : "2022-01-02"
    }],
    "url" : "http://example.com/fhir/example/StructureDefinition/AttributeValue"
  }],
  "name" : "MyOrgUnit",
  "managingOrganization" : {
    "reference" : "Organization/342342"
  }
}