{
  "resourceType" : "Bundle",
  "id" : "30a69c54-4c47-40ce-af98-1422b355c183",
  "meta" : {
    "lastUpdated" : "2023-08-11T04:48:27.129+00:00"
  },
  "type" : "collection",
  "entry" : [{
    "fullUrl" : "http://example.com/fhir/example/ValueSet/patient-sex-at-birth-vs",
    "resource" : {
      "resourceType" : "ValueSet",
      "text" : {
        "status" : "generated",
        "div" : "<div xmlns=\"http://www.w3.org/1999/xhtml\"><p>This value set contains 4 concepts</p><p style=\"border: black 1px dotted; background-color: #EEEEEE; padding: 8px; margin-bottom: 8px\">Expansion based on <a href=\"CodeSystem-patient-sex-at-birth.html\">Patient sex at birth v1.0.0 (CodeSystem)</a></p><table class=\"codes\"><tr><td style=\"white-space:nowrap\"><b>Code</b></td><td><b>System</b></td><td><b>Display</b></td></tr><tr><td style=\"white-space:nowrap\"><a name=\"http---example.com-fhir-example-CodeSystem-patient-sex-at-birth-male\"> </a>\u00a0\u00a0<a href=\"CodeSystem-patient-sex-at-birth.html#patient-sex-at-birth-male\">male</a></td><td>http://example.com/fhir/example/CodeSystem/patient-sex-at-birth</td><td>Male</td></tr><tr><td style=\"white-space:nowrap\"><a name=\"http---example.com-fhir-example-CodeSystem-patient-sex-at-birth-female\"> </a>\u00a0\u00a0<a href=\"CodeSystem-patient-sex-at-birth.html#patient-sex-at-birth-female\">female</a></td><td>http://example.com/fhir/example/CodeSystem/patient-sex-at-birth</td><td>Female</td></tr><tr><td style=\"white-space:nowrap\"><a name=\"http---example.com-fhir-example-CodeSystem-patient-sex-at-birth-other\"> </a>\u00a0\u00a0<a href=\"CodeSystem-patient-sex-at-birth.html#patient-sex-at-birth-other\">other</a></td><td>http://example.com/fhir/example/CodeSystem/patient-sex-at-birth</td><td>Other</td></tr><tr><td style=\"white-space:nowrap\"><a name=\"http---example.com-fhir-example-CodeSystem-patient-sex-at-birth-unknown\"> </a>\u00a0\u00a0<a href=\"CodeSystem-patient-sex-at-birth.html#patient-sex-at-birth-unknown\">unknown</a></td><td>http://example.com/fhir/example/CodeSystem/patient-sex-at-birth</td><td>Unknown</td></tr></table></div>"
      },
      "url" : "http://example.com/fhir/example/ValueSet/patient-sex-at-birth-vs",
      "version" : "1.0.0",
      "name" : "PatientSexAtBirthVS",
      "status" : "active",
      "date" : "2023-08-11T04:48:27+00:00",
      "jurisdiction" : [{
        "coding" : [{
          "system" : "http://unstats.un.org/unsd/methods/m49/m49.htm",
          "code" : "001",
          "display" : "World"
        }]
      }],
      "expansion" : {
        "identifier" : "urn:uuid:436095bf-2005-4c72-b786-33df5712de09",
        "timestamp" : "2023-08-11T04:49:29+00:00",
        "total" : 4,
        "parameter" : [{
          "name" : "excludeNested",
          "valueBoolean" : false
        },
        {
          "name" : "version",
          "valueUri" : "http://example.com/fhir/example/CodeSystem/patient-sex-at-birth|1.0.0"
        }],
        "contains" : [{
          "system" : "http://example.com/fhir/example/CodeSystem/patient-sex-at-birth",
          "code" : "male",
          "display" : "Male"
        },
        {
          "system" : "http://example.com/fhir/example/CodeSystem/patient-sex-at-birth",
          "code" : "female",
          "display" : "Female"
        },
        {
          "system" : "http://example.com/fhir/example/CodeSystem/patient-sex-at-birth",
          "code" : "other",
          "display" : "Other"
        },
        {
          "system" : "http://example.com/fhir/example/CodeSystem/patient-sex-at-birth",
          "code" : "unknown",
          "display" : "Unknown"
        }]
      }
    }
  },
  {
    "fullUrl" : "http://example.com/fhir/example/ValueSet/patient-sex-at-birth-vs",
    "resource" : {
      "resourceType" : "ValueSet",
      "text" : {
        "status" : "generated",
        "div" : "<div xmlns=\"http://www.w3.org/1999/xhtml\"><p>This value set contains 4 concepts</p><p style=\"border: black 1px dotted; background-color: #EEEEEE; padding: 8px; margin-bottom: 8px\">Expansion based on <a href=\"CodeSystem-patient-sex-at-birth.html\">Patient sex at birth v1.0.0 (CodeSystem)</a></p><table class=\"codes\"><tr><td style=\"white-space:nowrap\"><b>Code</b></td><td><b>System</b></td><td><b>Display</b></td></tr><tr><td style=\"white-space:nowrap\"><a name=\"http---example.com-fhir-example-CodeSystem-patient-sex-at-birth-male\"> </a>\u00a0\u00a0<a href=\"CodeSystem-patient-sex-at-birth.html#patient-sex-at-birth-male\">male</a></td><td>http://example.com/fhir/example/CodeSystem/patient-sex-at-birth</td><td>Male</td></tr><tr><td style=\"white-space:nowrap\"><a name=\"http---example.com-fhir-example-CodeSystem-patient-sex-at-birth-female\"> </a>\u00a0\u00a0<a href=\"CodeSystem-patient-sex-at-birth.html#patient-sex-at-birth-female\">female</a></td><td>http://example.com/fhir/example/CodeSystem/patient-sex-at-birth</td><td>Female</td></tr><tr><td style=\"white-space:nowrap\"><a name=\"http---example.com-fhir-example-CodeSystem-patient-sex-at-birth-other\"> </a>\u00a0\u00a0<a href=\"CodeSystem-patient-sex-at-birth.html#patient-sex-at-birth-other\">other</a></td><td>http://example.com/fhir/example/CodeSystem/patient-sex-at-birth</td><td>Other</td></tr><tr><td style=\"white-space:nowrap\"><a name=\"http---example.com-fhir-example-CodeSystem-patient-sex-at-birth-unknown\"> </a>\u00a0\u00a0<a href=\"CodeSystem-patient-sex-at-birth.html#patient-sex-at-birth-unknown\">unknown</a></td><td>http://example.com/fhir/example/CodeSystem/patient-sex-at-birth</td><td>Unknown</td></tr></table></div>"
      },
      "url" : "http://example.com/fhir/example/ValueSet/patient-sex-at-birth-vs",
      "version" : "1.0.0",
      "name" : "PatientSexAtBirthVS",
      "status" : "active",
      "date" : "2023-08-11T04:48:27+00:00",
      "jurisdiction" : [{
        "coding" : [{
          "system" : "http://unstats.un.org/unsd/methods/m49/m49.htm",
          "code" : "001",
          "display" : "World"
        }]
      }],
      "expansion" : {
        "identifier" : "urn:uuid:436095bf-2005-4c72-b786-33df5712de09",
        "timestamp" : "2023-08-11T04:49:29+00:00",
        "total" : 4,
        "parameter" : [{
          "name" : "excludeNested",
          "valueBoolean" : false
        },
        {
          "name" : "version",
          "valueUri" : "http://example.com/fhir/example/CodeSystem/patient-sex-at-birth|1.0.0"
        }],
        "contains" : [{
          "system" : "http://example.com/fhir/example/CodeSystem/patient-sex-at-birth",
          "code" : "male",
          "display" : "Male"
        },
        {
          "system" : "http://example.com/fhir/example/CodeSystem/patient-sex-at-birth",
          "code" : "female",
          "display" : "Female"
        },
        {
          "system" : "http://example.com/fhir/example/CodeSystem/patient-sex-at-birth",
          "code" : "other",
          "display" : "Other"
        },
        {
          "system" : "http://example.com/fhir/example/CodeSystem/patient-sex-at-birth",
          "code" : "unknown",
          "display" : "Unknown"
        }]
      }
    }
  }]
}