<?xml version="1.0" encoding="UTF-8"?>

<Patient xmlns="http://hl7.org/fhir">
  <id value="DHIS2BasePatient1"/>
  <meta>
    <profile value="http://example.com/fhir/example/StructureDefinition/DHIS2BasePatient"/>
  </meta>
  <text>
    <status value="generated"/><div xmlns="http://www.w3.org/1999/xhtml"><p style="border: 1px #661aff solid; background-color: #e6e6ff; padding: 10px;"><b>Morten Hansen </b> male, DoB: 1981-01-01 ( nationalidentifier: 1234234245)</p><hr/><table class="grid"><tr><td style="background-color: #f3f5da" title="Ways to contact the Patient">Contact Detail:</td><td colspan="3">Vietnamgate 123, Oslo(HOME)</td></tr><tr><td style="background-color: #f3f5da" title="Patient contact">Contact</td><td colspan="3"><ul><li>ph: 1234567</li></ul></td></tr><tr><td style="background-color: #f3f5da" title="The registered place of birth of the patient. A sytem may use the address.text if they don't store the birthPlace address in discrete elements."><a href="http://hl7.org/fhir/R4/extension-patient-birthplace.html">Birth Place:</a></td><td colspan="3"><ul><li>NO </li></ul></td></tr><tr><td style="background-color: #f3f5da" title="Patient gives consent to be contacted."><a href="StructureDefinition-ConsentToBeContacted.html">ConsentToBeContact:</a></td><td colspan="3"><ul><li>true</li></ul></td></tr></table></div>
  </text>
  <extension url="http://hl7.org/fhir/StructureDefinition/patient-birthPlace">
    <valueAddress>
      <country value="NO"/>
    </valueAddress>
  </extension>
  <extension url="http://example.com/fhir/example/StructureDefinition/ConsentToBeContacted">
    <valueBoolean value="true"/>
  </extension>
  <identifier>
    <type>
      <coding>
        <system value="http://dhis2.org/identifiertypes"/>
        <code value="nationalidentifier"/>
      </coding>
    </type>
    <system value="http://whatever.country/nationalidnamespace"/>
    <value value="1234234245"/>
  </identifier>
  <name>
    <family value="Hansen"/>
    <given value="Morten"/>
  </name>
  <gender value="male"/>
  <birthDate value="1981-01-01">
    <extension url="http://example.com/fhir/example/StructureDefinition/DateOfBirthIsEstimated">
      <valueBoolean value="true"/>
    </extension>
  </birthDate>
  <address>
    <use value="home"/>
    <type value="physical"/>
    <text value="Vietnamgate 123, Oslo"/>
  </address>
  <contact>
    <telecom>
      <system value="phone"/>
      <value value="1234567"/>
    </telecom>
  </contact>
</Patient>